DS_ARCHIVIO,CD_MODULO,CD_CLUSTER,DS_SORGENTE
STANDALONE_TBLPOLSTATO,,C,FEA
STANDALONE_TBLPREVSTATO,,C,FEA
TBLSTATOTITOLO,,C,FEA
TBLQUESTIONARICONTRAENTI,,C,FEA
TBLSTATODISTINTATRANSAZIONE,,C,FEA
TBLPRODVERSFATTORI,,C,FEA
TBLQUESTIONARI,,C,FEA
TBLPREVSTATO,,C,FEA
TBLPREVBENE,,C,FEA
TBLPREVQUESTSANIT,,C,FEA
NCP_TBLESITIOPERAZIONELEAD,,C,FEA
TBLPOLSTATO,,C,FEA
TBLPREVQUESTMODCOMP,,C,FEA
TBLTIPIBENE,,C,FEA
TBLTRANSAZIONIPROVVIGIONIPASSIVE,,C,FEA
TBLPREVENTIVO,,C,FEA
TBLCAMPAGNE,,C,FEA
NCP_TBLLEADS,,C,FEA
TBLAPPENDICIPOSTVENDITA,,C,FEA
NCP_TBLTIPIOPERAZIONELEAD,,C,FEA
TBLESTRATTICONTOATTIVI,,C,FEA
TBLMOTIVISTATI,,C,FEA
TBLNODI,,C,FEA
TBLQUESTIONARIDOMANDE,,C,FEA
TBLPRODOTTIVERSIONIPIANI,,C,FEA
TBLTRANSAZIONI,,C,FEA
TBLNODIUSERS,,C,FEA
ACEDRV_TBLTITOLI,,C,FEA
TBLSTORICOPRATICHEEVENTI,,C,FEA
TBLESTRATTICONTOPASSIVI,,C,FEA
TBLPRODOTTIVERSIONI,,C,FEA
TBLTRACKINGPOST,,C,FEA
BAPRATINT_M,CHM,D,OCS
CCAIMA_M,CHM,D,OCS
CCANATFI_M,CHM,D,OCS
PLCTFAGEF_M,CHM,D,OCS
PLPAMMRV_M,CHM,D,OCS
OXCTFFBP_M,CH1,D,OCS
RE2PRABA_M,CHM,D,OCS
CQCTFASS_M,CHM,D,OCS
PLPRAT_M,CHM,D,OCS
OXCTFTASR_M,CH2,D,OCS
PLOPZRIS_M,CHM,D,OCS
CASRFSER_M,CHM,D,OCS
WFTBFAT,WFL,C,OCS
CCTABPACC,SER,C,OCS
WFTBFSF,WFL,C,OCS
CCTABABPAC,SER,A1,OCS
CCTBTPPO,SER,C,OCS
WFTBFANA,WFL,C,OCS
CCTABPASE,SER,C,OCS
MRTRFPAR,RIS,C,OCS
OXTBFSRPT,SER,C,OCS
MRTRFLEV,RIS,C,OCS
MRTRFLLE,RIS,C,OCS
MRTRFLAT,RIS,C,OCS
MRTRFLIN,RIS,C,OCS
OXSRFNUME,SER,C,OCS
MRTRFLGA,RIS,C,OCS
OXTBFPAF,SER,C,OCS
MRTRFLCO,RIS,C,OCS
MRTRFLRU,RIS,C,OCS
MRTRFLST,RIS,C,OCS
MRTRFLAN,RIS,C,OCS
MRTRFLDO,RIS,C,OCS
BAPRATINT,INT,B2,OCS
BAPRATVEN,INT,C,OCS
CCANAIAG,INT,B1,OCS
CCANAICO,INT,B1,OCS
CCANAICV,INT,B1,OCS
CCANAINAG,INT,C,OCS
CCANAINCC,INT,B1,OCS
CCANAINCV,INT,B1,OCS
CCANAININ,INT,B1,OCS
CCANAINPV,INT,C,OCS
CCANAINRV,INT,C,OCS
CCANAINSA,INT,C,OCS
CCANAINVE,INT,C,OCS
CCANAIPV,INT,B1,OCS
CCANAIRV,INT,B1,OCS
CCANAISA,INT,B1,OCS
CCANAIVE,INT,B1,OCS
CCINTAAM,INT,C,OCS
CCINTAMP,INT,C,OCS
CCINTFIL,INT,C,OCS
CCINTIAC,INT,B1,OCS
CCINTIAE,INT,C,OCS
CCINTIAU,INT,B1,OCS
CCINTICA,INT,B1,OCS
CCINTICC,INT,A1,OCS
CCINTICD,INT,C,OCS
CCINTICI,INT,C,OCS
CCINTICP,INT,A1,OCS
CCINTICU,INT,C,OCS
CCINTIDP,INT,C,OCS
CCINTIIN,INT,C,OCS
CCINTILE,INT,B1,OCS
CCINTIMA,INT,B1,OCS
CCINTIPC,INT,A1,OCS
CCINTIPD,INT,A2,OCS
CCINTIPR,INT,C,OCS
CCINTIRS,INT,C,OCS
CCINTIVA,INT,A1,OCS
CCINTLAC,INT,A1,OCS
CCINTLAG,INT,A1,OCS
CCINTLAU,INT,A1,OCS
CCINTLCA,INT,A1,OCS
CCINTLCB,INT,A1,OCS
CCINTLCC,INT,A1,OCS
CCINTLCO,INT,A1,OCS
CCINTLCV,INT,A1,OCS
CCINTLIN,INT,A1,OCS
CCINTLLE,INT,A1,OCS
CCINTLMA,INT,A1,OCS
CCINTLPV,INT,A1,OCS
CCINTLRV,INT,A1,OCS
CCINTLSA,INT,A1,OCS
CCINTLST,INT,A2,OCS
CCINTLVA,INT,A1,OCS
CCINTLVC,INT,A1,OCS
CCINTLVE,INT,A1,OCS
CCINTRIF,INT,C,OCS
CCINTTAC,INT,B1,OCS
CCINTTAI,INT,C,OCS
CCINTTAL,INT,A1,OCS
CCINTTCA,INT,C,OCS
CCINTTCO,INT,C,OCS
CCINTTEV,INT,C,OCS
CCINTTMA,INT,B1,OCS
CCINTTML,INT,A1,OCS
CCINTTPD,INT,C,OCS
CCINTTQN,INT,C,OCS
CCINTTRS,INT,C,OCS
CCINTTSA,INT,C,OCS
CCINTTSM,INT,C,OCS
CCINTTST,INT,C,OCS
CCINTTTI,INT,C,OCS
CCINTTTN,INT,C,OCS
CCINTTZO,INT,C,OCS
CCINTTZP,INT,C,OCS
INFSFCND,INT,A1,OCS
INFSFCNP,INT,A2,OCS
INFSFCNV,INT,C,OCS
INFSFCNW,INT,C,OCS
INFSFTAT,INT,A1,OCS
CCAMMI,ANA,C,OCS
CCAMMSCB,ANA,A2,OCS
CCAMMTCA,ANA,C,OCS
CCAMMTCL,ANA,C,OCS
CCAMMXAE,ANA,B1,OCS
CCAMMXAS,ANA,A2,OCS
CCAMMXCE,ANA,B1,OCS
CCAMMXCS,ANA,A2,OCS
CCAMMXIE,ANA,B1,OCS
CCAMMXIS,ANA,A2,OCS
CCAMMXME,ANA,B1,OCS
CCAMMXMS,ANA,A2,OCS
CCAMMXNE,ANA,B1,OCS
CCAMMXNS,ANA,A2,OCS
CCAMMXOE,ANA,B1,OCS
CCAMMXOS,ANA,A2,OCS
CCAMMXRE,ANA,B1,OCS
CCAMMXRS,ANA,A2,OCS
CCAMMXZE,ANA,B1,OCS
CCAMMXZS,ANA,A2,OCS
CCANAACI,ANA,B1,OCS
CCANAACL,ANA,A1,OCS
CCANAFBL,ANA,A1,OCS
CCANAFCB,ANA,B1,OCS
CCANAFCD,ANA,B1,OCS
CCANAFDL,ANA,A1,OCS
CCANAFIL,ANA,A1,OCS
CCANAFIN,ANA,B1,OCS
CCANAFPC,ANA,A2,OCS
CCANAFPE,ANA,C,OCS
CCANAGR,ANA,B1,OCS
CCANALAL,ANA,A1,OCS
CCANALAM,ANA,B1,OCS
CCANALCF,ANA,C,OCS
CCANALDL,ANA,A1,OCS
CCANALDT,ANA,B1,OCS
CCANALEG,ANA,C,OCS
CCANALOE,ANA,C,OCS
CCANALOG,ANA,A1,OCS
CCANALOR,ANA,C,OCS
CCANALSL,ANA,A1,OCS
CCANALSO,ANA,B1,OCS
CCANALTE,ANA,B1,OCS
CCANALTL,ANA,A1,OCS
CCANATAL,ANA,C,OCS
CCANATAN,ANA,C,OCS
CCANATAT,ANA,C,OCS
CCANATCB,ANA,C,OCS
CCANATCP,ANA,C,OCS
CCANATFB,ANA,C,OCS
CCANATFI,ANA,B2,OCS
CCANATFL,ANA,C,OCS
CCANATFP,ANA,C,OCS
CCANATGT,ANA,C,OCS
CCANATNA,ANA,C,OCS
CCANATNI,ANA,C,OCS
CCANATNN,ANA,C,OCS
CCANATNR,ANA,C,OCS
CCANATNS,ANA,C,OCS
CCANATNU,ANA,C,OCS
CCANATP3,ANA,C,OCS
CCANATPO,ANA,C,OCS
CCANATPR,ANA,C,OCS
CCANATPY,ANA,C,OCS
CCANATRA,ANA,C,OCS
CCANATRE,ANA,C,OCS
CCANATSA,ANA,C,OCS
CCANATSE,ANA,C,OCS
CCANATTA,ANA,C,OCS
CCANATTC,ANA,C,OCS
CCANATTL,ANA,C,OCS
CCANATTP,ANA,C,OCS
CCANVAIA,ANA,C,OCS
CCANVEAN,ANA,B1,OCS
CCANVEBI,ANA,A1,OCS
CCANVERP,ANA,A2,OCS
CCANVESC,ANA,A2,OCS
CCANVLRI,ANA,A1,OCS
CCANVRPI,ANA,B1,OCS
CCANVTAG,ANA,C,OCS
CCANVTFG,ANA,C,OCS
CCANVYSA,ANA,A2,OCS
CCANVYSG,ANA,A2,OCS
CCAZIE,ANA,C,OCS
CCAZIEASP,ANA,C,OCS
CCAZIEPRO,ANA,C,OCS
CCAZITCA,ANA,C,OCS
CCAZITES,ANA,C,OCS
CCAZITGR,ANA,C,OCS
CCAZITRI,ANA,C,OCS
CCCOMUNI,ANA,C,OCS
CCRICDOC,ANA,C,OCS
CCRICENT,ANA,C,OCS
CCTABARE,ANA,C,OCS
CCTABFGI,ANA,C,OCS
BAPRATPV,PRV,B2,OCS
BASTORPV,PRV,A1,OCS
CCFATEIF,PRV,A2,OCS
CCFATEII,PRV,A2,OCS
CCFATLOD,PRV,A1,OCS
CCFATLOG,PRV,A1,OCS
CCFATLOT,PRV,A1,OCS
CCFATLRC,PRV,A2,OCS
CCFATPRV,PRV,A2,OCS
CCFATPRVA,PRV,A1,OCS
CCFATPRVAD,PRV,A1,OCS
CCFATPRVD,PRV,A2,OCS
CCPRVAAQ,PRV,A1,OCS
CCPRVAAS,PRV,A1,OCS
CCPRVABS,PRV,A1,OCS
CCPRVACQ,PRV,A1,OCS
CCPRVACV,PRV,A1,OCS
CCPRVASE,PRV,A1,OCS
CCPRVCAD,PRV,C,OCS
CCPRVCAT,PRV,A1,OCS
CCPRVDAQ,PRV,C,OCS
CCPRVDAS,PRV,C,OCS
CCPRVDBS,PRV,C,OCS
CCPRVDCQ,PRV,C,OCS
CCPRVDCV,PRV,C,OCS
CCPRVDRP,PRV,C,OCS
CCPRVDSE,PRV,C,OCS
CCPRVOTO,PRV,C,OCS
CCPRVRER,PRV,C,OCS
CCPRVTBC,PRV,C,OCS
CCPRVTCA,PRV,C,OCS
CCPRVTRP,PRV,A1,OCS
CCPRVTTI,PRV,C,OCS
CCPRVTTP,PRV,C,OCS
CCRAMAOB,PRV,A1,OCS
CCRAMAOL,PRV,A1,OCS
CCRAMAOT,PRV,C,OCS
CCRAMARA,PRV,A1,OCS
CCRAMARL,PRV,C,OCS
CCRAMCTO,PRV,C,OCS
CCRAMDIE,PRV,C,OCS
CCRAMDQL,PRV,C,OCS
CCRAMDRA,PRV,A1,OCS
CCRAMDSA,PRV,C,OCS
CCRAMDTL,PRV,C,OCS
CCRAMTBC,PRV,C,OCS
CCRAMTGR,PRV,C,OCS
CCRAMTGS,PRV,C,OCS
CCRAMTIE,PRV,C,OCS
CCRAMTQL,PRV,C,OCS
CCRAMTRA,PRV,C,OCS
CCRAMTSA,PRV,C,OCS
CCRAMTTG,PRV,C,OCS
CCRAMTTI,PRV,C,OCS
CCRAMTTL,PRV,C,OCS
CCRAMTTO,PRV,C,OCS
CCRAMTTP,PRV,C,OCS
CCRAMTTR,PRV,C,OCS
CQACFDERO,CQS,A2,OCS
CQASFFLX,CQS,A2,OCS
CQASFPOT,CQS,C,OCS
CQASFPOTD,CQS,C,OCS
CQCHFESIX,CQS,C,OCS
CQCHFSIAF,CQS,C,OCS
CQCNFPRA,CQS,C,OCS
CQCNFPRDF,CQS,A1,OCS
CQCTFASS,CQS,A2,OCS
CQCTFASSRL,CQS,A1,OCS
CQCTFCRLOG,CQS,A2,OCS
CQCTFLET,CQS,A2,OCS
CQCTFROPR,CQS,C,OCS
CQINFDEST,CQS,A1,OCS
CQPSFDAAM,CQS,A2,OCS
CQPSFDAAS,CQS,A2,OCS
CQPSFDABB,CQS,A2,OCS
CQPSFDABBD,CQS,A2,OCS
CQPSFDACC,CQS,A2,OCS
CQPSFDACS,CQS,A2,OCS
CQPSFDACV,CQS,A2,OCS
CQPSFDADT,CQS,A2,OCS
CQPSFDAEC,CQS,A2,OCS
CQPSFDAEI,CQS,A2,OCS
CQPSFDAEP,CQS,A2,OCS
CQPSFDAIN,CQS,A2,OCS
CQPSFDANP,CQS,A2,OCS
CQPSFDAPE,CQS,A2,OCS
CQPSFDAPM,CQS,A2,OCS
CQPSFDAPS,CQS,A2,OCS
CQPSFDARE,CQS,C,OCS
CQPSFDARF,CQS,A2,OCS
CQPSFDAS1,CQS,A2,OCS
CQPSFDAS3,CQS,A2,OCS
CQPSFDATM,CQS,A2,OCS
CQPSFDATR,CQS,A2,OCS
CQPSFDCVS,CQS,A2,OCS
CQPSFDDBT,CQS,A2,OCS
CQPSFDDEC,CQS,A2,OCS
CQPSFDEAP,CQS,C,OCS
CQPSFDEST,CQS,A2,OCS
CQPSFDESTC,CQS,A2,OCS
CQPSFDINB,CQS,A1,OCS
CQPSFDINEA,CQS,C,OCS
CQPSFDINR,CQS,A2,OCS
CQPSFDINRO,CQS,A2,OCS
CQPSFDPER,CQS,A2,OCS
CQPSFDPRA,CQS,A2,OCS
CQPSFDREC,CQS,A2,OCS
CQPSFDRIF,CQS,A2,OCS
CQPSFDRTP,CQS,A2,OCS
CQPSFDSCM,CQS,A2,OCS
CQPSFDSI1,CQS,A2,OCS
CQPSFDSI3,CQS,A2,OCS
CQPSFDSI3D,CQS,A2,OCS
CQPSFDSUB,CQS,A2,OCS
CQPSFDTFR,CQS,A2,OCS
CQPSFDTRS,CQS,A2,OCS
CQPSFDUIN,CQS,A2,OCS
CQPSFDVPE,CQS,A2,OCS
CQPSFSIEXT,CQS,A2,OCS
CQPSFSIPO,CQS,A2,OCS
CQTBFCVA,CQS,C,OCS
CQTBFTAFB,CQS,C,OCS
OXSTFPARD,CQS,A2,OCS
OXSTFPART,CQS,A1,OCS
QSASS,CQS,C,OCS
QSCRIASD,CQS,A2,OCS
QSESTINZ,CQS,B1,OCS
QSESTINZST,CQS,A2,OCS
QSINCAINDB,CQS,A1,OCS
QSINCAINDR,CQS,A1,OCS
QSPRA,CQS,B2,OCS
QSPRAAL,CQS,A2,OCS
QSPRAAN,CQS,A2,OCS
QSPRAST,CQS,A1,OCS
QSRATPAD,CQS,A2,OCS
QSRATPAT,CQS,A2,OCS
QSSIN,CQS,B1,OCS
QSSINLOG,CQS,A1,OCS
QSSINRNT,CQS,B1,OCS
QSSINRNTST,CQS,A2,OCS
QSTABATR,CQS,C,OCS
QSTABCLS,CQS,C,OCS
QSTABCVM,CQS,A1,OCS
QSTABDRI,CQS,C,OCS
QSTABPRD,CQS,C,OCS
QSTABSIN,CQS,C,OCS
QSTABSTA,CQS,C,OCS
QSTABSTS,CQS,C,OCS
CASRFSER,SER,B2,OCS
CCTABSER,SER,C,OCS
OXSRFBE,SER,A2,OCS
OXSRFNPOL,SER,C,OCS
OXSRFPACP,SER,A2,OCS
OXSRFQID2,SER,A2,OCS
OXSRFQIQU,SER,C,OCS
OXSRFQISQ,SER,C,OCS
OXSRFQIT,SER,C,OCS
OXSRFSERD,SER,C,OCS
OXSRFSERP,SER,C,OCS
OXTBFAIVU,SER,C,OCS
OXTBFQIAB,SER,C,OCS
OXTBFQIDO,SER,C,OCS
OXTBFQIDR,SER,C,OCS
OXTBFQIQD,SER,C,OCS
OXTBFQIQU,SER,C,OCS
OXTBFQIRI,SER,C,OCS
OXTBFSRAL,SER,C,OCS
OXTBFSRBNF,SER,C,OCS
AICTFPDP,AIN,B1,OCS
AICTFPDPL,AIN,A2,OCS
AICTFPT,AIN,A2,OCS
AICTFSTL,AIN,A1,OCS
AIECFPARD,AIN,B1,OCS
AIECFPARDL,AIN,A2,OCS
AIECFPARE,AIN,B1,OCS
AIECFPAREL,AIN,A2,OCS
AIECFPART,AIN,B1,OCS
AIECFPARTL,AIN,A2,OCS
AITBFATT,AIN,C,OCS
AITBFSTA,AIN,C,OCS
ATCGFSOG,ANT,A2,OCS
ATIFFGCR,ANT,A2,OCS
ATIFFGCS,ANT,A2,OCS
CCRIC,ANT,A2,OCS
CCRICA,ANT,A2,OCS
CCRICTDV,ANT,C,OCS
BALOGINT,CAR,A2,OCS
CAACFPRDCR,CAR,A2,OCS
CAAQFIDE,CAR,C,OCS
CAAQFRTOT,CAR,A1,OCS
CACAFSC,CAR,A1,OCS
CACAFSCA,CAR,A1,OCS
CACAFSCPT,CAR,A2,OCS
CACHFDBT,CAR,C,OCS
CACHFEST,CAR,A2,OCS
CACHFPACD,CAR,C,OCS
CACHFPACT,CAR,C,OCS
CACHFPER,CAR,C,OCS
CACHFPERF,CAR,C,OCS
CACMFLINV,CAR,A2,OCS
CACMFTBBL,CAR,C,OCS
CACSFCES,CAR,A2,OCS
CACSFCESF,CAR,A2,OCS
CACSFTBTC,CAR,C,OCS
CACTFBLP,CAR,A1,OCS
CACTFPAN,CAR,A2,OCS
CACTFTAEC,CAR,B1,OCS
CAECFECR,CAR,A1,OCS
CAINFBPDT,CAR,C,OCS
CAINFRILP,CAR,C,OCS
CAMKFABGR,CAR,C,OCS
CAPSFEAPD,CAR,A2,OCS
CASTFPAN,CAR,A2,OCS
CATAFSAPE,CAR,C,OCS
CATBFADB,CAR,C,OCS
CATBFGCP,CAR,C,OCS
CATBFGCPA,CAR,C,OCS
CATBFGEA,CAR,C,OCS
CATBFGEM,CAR,C,OCS
CATBFGICU,CAR,C,OCS
CATBFTAC,CAR,C,OCS
CATBFTAD,CAR,C,OCS
CATBFTIPR,CAR,C,OCS
CCPSVDACA,CAR,A2,OCS
CCPSVDACN,CAR,A2,OCS
CCPSVDANR,CAR,A2,OCS
CCPSVDARC,CAR,A2,OCS
CCPSVDART,CAR,A2,OCS
CCPSVDATC,CAR,A2,OCS
CCPSVDATN,CAR,A2,OCS
CCPSVDBLO,CAR,A2,OCS
CCPSVDCAN,CAR,A2,OCS
CCPSVDCEL,CAR,A2,OCS
CCPSVDCOM,CAR,A2,OCS
CCPSVDDDA,CAR,A2,OCS
CCPSVDDDR,CAR,A2,OCS
CCPSVDEAP,CAR,A2,OCS
CCPSVDEST,CAR,A2,OCS
CCPSVDFID,CAR,A2,OCS
CCPSVDMCR,CAR,A2,OCS
CCPSVDMPG,CAR,A2,OCS
CCPSVDPRD,CAR,A2,OCS
CCPSVDRAT,CAR,A2,OCS
CCPSVDREV,CAR,A2,OCS
CCPSVDSCA,CAR,A2,OCS
CCPSVDSID,CAR,A2,OCS
CCPSVDVAC,CAR,A2,OCS
CRAINEME,CAR,C,OCS
CRAINGEN,CAR,C,OCS
CRAUT,CAR,C,OCS
CRAUTIND,CAR,C,OCS
CRAUTINT,CAR,C,OCS
CRBLOCCHI,CAR,C,OCS
CRCAMP,CAR,A2,OCS
CRCAMPINC,CAR,C,OCS
CRCAMPLOG,CAR,A2,OCS
CRCAR,CAR,B2,OCS
CRCARBLO,CAR,A2,OCS
CRCARBLON,CAR,C,OCS
CRCARISA,CAR,C,OCS
CRCARSID,CAR,C,OCS
CRCCPDET,CAR,A1,OCS
CRCCPTES,CAR,A1,OCS
CRCROSVOU,CAR,C,OCS
CRECCA,CAR,A1,OCS
CRECCANECS,CAR,A1,OCS
CRECCC,CAR,A1,OCS
CRECCM,CAR,A1,OCS
CRECCMRIS,CAR,A1,OCS
CRECMESS,CAR,A1,OCS
CREMEE,CAR,C,OCS
CREMEP,CAR,C,OCS
CREMEPPAM,CAR,C,OCS
CREMEPRIF,CAR,C,OCS
CREMEPRIS,CAR,C,OCS
CREMEPTAS,CAR,C,OCS
CRFIRAT,CAR,C,OCS
CRINSTANT,CAR,C,OCS
CRLOGBLO,CAR,A1,OCS
CRLOGCAR,CAR,A2,OCS
CRLOGMEC,CAR,A1,OCS
CRLOGSTBL,CAR,A1,OCS
CRMKTAL,CAR,C,OCS
CRMKTAZ,CAR,C,OCS
CRMKTGRAZ,CAR,C,OCS
CRMKTGRI,CAR,C,OCS
CRMKTMSG,CAR,C,OCS
CRMOV,CAR,A1,OCS
CRSALCAR,CAR,A1,OCS
CRSARAT,CAR,C,OCS
CRSTORCAR,CAR,A2,OCS
CRSTORECA,CAR,A1,OCS
CRSTORECC,CAR,A1,OCS
CRSTORECM,CAR,A1,OCS
CRSTORMOV,CAR,A1,OCS
CRSTORVOUA,CAR,A2,OCS
CRSTORVOUF,CAR,A2,OCS
CRTABBIN,CAR,C,OCS
CRTABCAM,CAR,C,OCS
CRTABCMPAU,CAR,C,OCS
CRTABCON,CAR,C,OCS
CRTABCTP,CAR,C,OCS
CRTABSTA,CAR,C,OCS
CRTACAMP,CAR,C,OCS
CRTEG,CAR,C,OCS
CRTPPERM,CAR,C,OCS
CRVOUA,CAR,C,OCS
CRVOUF,CAR,C,OCS
ROECFDLEC,CAR,A1,OCS
ROTBFCAU,CAR,C,OCS
CACIFCCAT,POS,C,OCS
PSBLOCAR,POS,C,OCS
PSCTMGRU,POS,C,OCS
PSINTACQ,POS,A2,OCS
PSISOCOU,POS,C,OCS
PSISOCUR,POS,C,OCS
PSSEGCAR,POS,A1,OCS
PSSICCOD,POS,C,OCS
PSSSBDISP,POS,A1,OCS
SPATFMSG,POS,C,OCS
SPATFMSGD,POS,C,OCS
SPCLFSTAQ,POS,C,OCS
SPIIFLCFIL,POS,A2,OCS
SPIIFMA,POS,C,OCS
SPIIFMAL,POS,A2,OCS
SPIIFMAP,POS,A2,OCS
SPIIFMAPL,POS,A2,OCS
SPIIFSCRLT,POS,A2,OCS
SPTBFACC,POS,C,OCS
SPTBFPDC,POS,C,OCS
SPTKFEV,POS,C,OCS
SPTKFTTR,POS,C,OCS
RDANFAUT,RVD,A1,OCS
RDANFMAN,RVD,A2,OCS
RDECFRPD,RVD,A1,OCS
RDECFRPT,RVD,A1,OCS
RDRPFMOC,RVD,A2,OCS
RDRPFRAP,RVD,C,OCS
RDRPFRAPP,RVD,C,OCS
RDRPFSTBL,RVD,A1,OCS
RDTAFBL,RVD,C,OCS
RDTAFCA,RVD,C,OCS
RDTAFCNI,RVD,C,OCS
RDTAFST,RVD,C,OCS
QSBANCHE,CQS,C,OCS
QSTABAUB,CQS,C,OCS
CQPAFDBT,CQS,C,OCS
CQSIFPREV,CQS,A2,OCS
CQTBFCAOC,CQS,C,OCS
CQASFFLUL,CQS,A1,OCS
OXCTFPART,FMP,A1,OCS
OXCTFPARD,FMP,A2,OCS
AIECFPARC,AIN,B1,OCS
BATABPPL,CMN,C,OCS
CCCONTAZ,CMN,C,OCS
CCCONTESI,CMN,C,OCS
CCCONTFO,CMN,C,OCS
CCCONTFX,CMN,C,OCS
CCCONTLE,CMN,C,OCS
CCCONTMOT,CMN,C,OCS
CCCONTOPE,CMN,C,OCS
CCCONTTIM,CMN,C,OCS
CCEMLLGD,CMN,A2,OCS
CCEMLLGP,CMN,A2,OCS
CCEMLLGT,CMN,A2,OCS
CCLRID,CMN,A2,OCS
CCLRIPAR,CMN,C,OCS
CCLRIPARD,CMN,C,OCS
CCLRIT,CMN,A2,OCS
CCPAREML,CMN,C,OCS
CCPLOTUTE,CMN,C,OCS
CCPOSTMR,CMN,C,OCS
CCPTELB,CMN,A2,OCS
CCPTELBID,INC,A2,OCS
CCPTELBIT,INC,A2,OCS
CCPTELD,CMN,C,OCS
CCPTELESAN,CMN,C,OCS
CCPTELT,CMN,C,OCS
CCPTLOG,CMN,A2,OCS
CLTABCVT,CMN,C,OCS
CNDCFGEDO,CMN,C,OCS
CNDCFGEDOD,CMN,C,OCS
CNDCFLOG,CMN,A2,OCS
CNDCFLOGD,CMN,A2,OCS
CNDCFLOGDV,CMN,A2,OCS
CNDCFLOGR,CMN,A2,OCS
CNDCFMAU,CMN,C,OCS
CNDCFMAUD,CMN,C,OCS
CNDCFMOD,CMN,C,OCS
CNDCFMSA,CMN,A2,OCS
CNDCFMSI,CMN,A2,OCS
CNDCFMSP,CMN,A2,OCS
CNDCFMVA,CMN,A2,OCS
CNDCFMVE,CMN,A2,OCS
CNDCFRIC,CMN,A2,OCS
CNDCFRICD,CMN,A2,OCS
CNDCFTGSM,CMN,C,OCS
CNGSFADLI,CMN,A2,OCS
CNGSFAPS,CMN,A2,OCS
CNGSFCPS,CMN,A2,OCS
CNGSFCPSA,CMN,A2,OCS
CNGSFDPS,CMN,A2,OCS
CNGSFEAF,CMN,A2,OCS
CNGSFEAL,CMN,A2,OCS
CNGSFEFPS,CMN,A2,OCS
CNGSFEII,CMN,A2,OCS
CNGSFGAIN,CMN,A2,OCS
CNGSFGAST,CMN,A2,OCS
CNGSFGBOC,CMN,A2,OCS
CNGSFGBOL,CMN,A2,OCS
CNGSFGBPA,CMN,A2,OCS
CNGSFGCDC,CMN,A2,OCS
CNGSFGCER,CMN,A2,OCS
CNGSFGCSA,CMN,A2,OCS
CNGSFGDEC,CMN,A2,OCS
CNGSFGDEG,CMN,A2,OCS
CNGSFGDMK,CMN,A2,OCS
CNGSFGENA,CMN,A2,OCS
CNGSFGICA,CMN,A2,OCS
CNGSFGII,CMN,A2,OCS
CNGSFGING,CMN,A2,OCS
CNGSFGPIN,CMN,A2,OCS
CNGSFGPRV,CMN,A2,OCS
CNGSFGPS,CMN,A2,OCS
CNGSFGPSO,CMN,A2,OCS
CNGSFGRAP,CMN,A2,OCS
CNGSFGRIC,CMN,A2,OCS
CNGSFGRIM,CMN,A2,OCS
CNGSFGRIQ,CMN,A2,OCS
CNGSFGRIT,CMN,A2,OCS
CNGSFGRVD,CMN,A2,OCS
CNGSFGSDD,CMN,A2,OCS
CNGSFGSFC,CMN,A2,OCS
CNGSFGSFG,CMN,A2,OCS
CNGSFGSSB,CMN,A2,OCS
CNGSFGTPS,CMN,A2,OCS
CNGSFGTRS,CMN,A2,OCS
CNGSFGWEL,CMN,A2,OCS
CNGSFLEL,CMN,A2,OCS
CNGSFLELD,CMN,A2,OCS
CNGSFLET,CMN,A2,OCS
CNGSFLETD,CMN,A2,OCS
CNGSFLPD,CMN,A2,OCS
CNGSFPCPS,CMN,A2,OCS
CNGSFQAQB,CMN,A2,OCS
CNGSFQESB,CMN,A2,OCS
CNGSFQLIB,CMN,A2,OCS
CNGSFQLIF,CMN,A2,OCS
CNGSFQLIP,CMN,A2,OCS
CNGSFQPS,CMN,A2,OCS
CNGSFQRIA,CMN,A2,OCS
CNGSFQRII,CMN,A2,OCS
CNGSFQRIQ,CMN,A2,OCS
CNGSFQSOL,CMN,A2,OCS
CNGSFREPS,CMN,A2,OCS
CNGSFSTI,CMN,A2,OCS
CNGSFTAN,CMN,A2,OCS
CNLGFANCI,CMN,A1,OCS
CNLRFTAP,CMN,C,OCS
CNLRFTATE,CMN,C,OCS
CNPTFALE,CMN,C,OCS
CNPTFEAL,CMN,C,OCS
CNPTFEALD,CMN,C,OCS
CNPTFIEM,CMN,C,OCS
CNPTFIEMD,CMN,C,OCS
CNREFRCMN,CMN,A2,OCS
CNREFREML,CMN,A2,OCS
CNREFREMLA,CMN,A2,OCS
CNREFREMLD,CMN,A2,OCS
CNREFREMLL,CMN,A2,OCS
CNSLFADDI,CMN,A2,OCS
CNSLFDCOM,CMN,A2,OCS
CNSLFDDOC,CMN,A2,OCS
CNSLFDPDF,CMN,A2,OCS
CNSLFLOG,CMN,A2,OCS
CNSLFLOGDV,CMN,A2,OCS
CNSLFLOGER,CMN,A2,OCS
CNTBFANCI,CMN,A2,OCS
CNTBFANCIN,CMN,C,OCS
CNTBFGEU,CMN,C,OCS
CNTBFGEUD,CMN,C,OCS
CNTBFLESZ,CMN,C,OCS
CNTBFMODTL,CMN,C,OCS
CNTBFWBMK,CMN,C,OCS
CNTBFWEVE,CMN,C,OCS
CNTBFWEVR,CMN,C,OCS
CNTBFWRAG,CMN,C,OCS
CNTBFWRAS,CMN,C,OCS
CNTBFWTEB,CMN,C,OCS
CNTBFWTEM,CMN,C,OCS
CNTBFWTER,CMN,C,OCS
CNTCFDEAD,CMN,A2,OCS
CNTCFDEAT,CMN,A2,OCS
CNTCFEMLD,CMN,A2,OCS
CNTCFEMLO,CMN,A2,OCS
CNTCFEMLT,CMN,A1,OCS
CNTCFEPLA,CMN,C,OCS
CNTCFEPLR,CMN,C,OCS
CNTCFLFID,CMN,A2,OCS
CNTCFLFIT,CMN,A2,OCS
CNTCFTELA,CMN,A2,OCS
CNTCFTELR,CMN,A2,OCS
CNTLFALF,CMN,C,OCS
CNTLFALL,CMN,C,OCS
CNTLFCAG,CMN,C,OCS
CNTLFLOGD,CMN,A2,OCS
CNTLFLOGPE,CMN,A2,OCS
CNTLFLOGPF,CMN,A2,OCS
CNTLFLOGPM,CMN,A2,OCS
CNTLFLOGT,CMN,A2,OCS
CNTTFCMN,CMN,A2,OCS
CNTTFCON,CMN,A2,OCS
CNTTFPDF,CMN,A2,OCS
CNTTFPRA,CMN,A2,OCS
CNTTFRIL,CMN,A2,OCS
CNTTFRIT,CMN,A2,OCS
OXCMFTEST,CMN,C,OCS
OXCTFLOGV,CMN,A2,OCS
OXSCFPLT,CMN,C,OCS
OXSCFPLTD,CMN,C,OCS
OXSOFDO,CMN,C,OCS
OXSOFDOC,CMN,C,OCS
OXSOFDOFD,CMN,A2,OCS
OXSOFDOFP,CMN,A2,OCS
OXSOFDOL,CMN,A2,OCS
OXSOFFDG,CMN,A2,OCS
OXSOFIDFD,CMN,C,OCS
OXSOFRIC,CMN,A2,OCS
OXSOFRIL,CMN,A2,OCS
OXSOFTAC,CMN,C,OCS
OXSOFTACD,CMN,C,OCS
OXSOFTCT,CMN,C,OCS
OXSOFTCTD,CMN,C,OCS
OXSOFTIP,CMN,C,OCS
OXSOFTIPD,CMN,C,OCS
OXSOFTMUD,CMN,C,OCS
OXSOFTMUT,CMN,C,OCS
OXSOFTPA,CMN,C,OCS
OXSOFTPAD,CMN,C,OCS
OXSOFTPV,CMN,C,OCS
OXSOFTPVD,CMN,C,OCS
OXSOFTPY,CMN,C,OCS
OXSOFTPYD,CMN,C,OCS
OXSOFTQI,CMN,C,OCS
OXSOFTQID,CMN,C,OCS
OXSOFTSE,CMN,C,OCS
OXSOFTSED,CMN,C,OCS
XXTESTID,CMN,C,OCS
XXTESTIT,CMN,C,OCS
CCBIRADD,CON,A2,OCS
CCDCICANC,CON,A2,OCS
CCTABTPP,CON,C,OCS
CCTABTPS,CON,C,OCS
CCTBTPRN,CON,C,OCS
OXTBFSALR,CON,C,OCS
PLACFME01,CON,C,OCS
PLAUT,CON,C,OCS
PLBENPRO,CON,C,OCS
PLCGCCAC,CON,C,OCS
PLCGCCON,CON,C,OCS
PLCGDCAC,CON,C,OCS
PLCGDCON,CON,C,OCS
PLCHICES,CON,A2,OCS
PLCHICESCF,CON,B1,OCS
PLCHICHI,CON,B1,OCS
PLCHICHICF,CON,C,OCS
PLCHIDBT,CON,B1,OCS
PLCHIDBTCF,CON,B1,OCS
PLCHIEST,CON,B1,OCS
PLCHIESTCF,CON,B1,OCS
PLCHIMOR,CON,B1,OCS
PLCHIPERCF,CON,B1,OCS
PLCHIPERD,CON,B1,OCS
PLCHISER,CON,B1,OCS
PLCHISERST,CON,A2,OCS
ZWBS2,,TBD,SAP
TELAIO_PER_AGOS,,TBD,SAP
ZALBO,,D,SAP
MOV_CONTAB_GNRLE,,TBD,SAP
PP_CAMPAIGN,,C,PRIMEWEB
MASTER_DATA,,TBD,SWORD
PP_SESSION,,TBD,PRIMEWEB
NEWSLETTER,,TBD,PRIMEWEB
CARTE,,TBD,PRIMEWEB
ZODALIST,,TBD,SAP
CQ,,TBD,PRIMEWEB
PCT_ACCESSO_UTENTE,,TBD,DIL
PCT_USER_PSW,,TBD,DIL
COLLECTION,,D,SAP
COLLECTION_INDIRETTI,,D,SAP
XEROX_SLA,,D,XEROX
MICRODATA_SLA,,D,Microdata
DDETT,,D,IDM
BLOCCO_BD,,A2,DIL
SBLOCCO_BD,,A2,DIL
STATO_BD,,A2,DIL
CNT_CAMPAGNA,,TBD,BANCO
A1_INPUT_42800,,TBD,BSN
A1_INPUT,,TBD,BSN
AGOS_EXTRA,,TBD,BSN
DEGRADED,,TBD,BSN
EQU101,,TBD,BSN
FIN_ATT,,TBD,BSN
FIRCOM_2,,TBD,BSN
FIRCOM,,TBD,BSN
REPORT_C1,,TBD,BSN
REPORT_M1,,TBD,BSN
REPORT_P1,,TBD,BSN
REPORT_P9,,TBD,BSN
RRF,,TBD,BSN
AG_ARPE_CRRV4,,TBD,BSN
GRANULAIRES_V0,,TBD,BSN
GRANULAIRES_V1,,TBD,BSN
GRANULAIRES_VF,,TBD,BSN
EVENT,,TBD,SFC
TASK,,TBD,SFC
CASEHISTORY,,TBD,SFC
CASE,,TBD,SFC
INIZIATIVA__C,,TBD,SFC
AZIONESELEZIONATA__C,,TBD,SFC
CONTACT,,TBD,SFC
MEMBROINIZIATIVA__C,,TBD,SFC
FLUX_CRE_PROVISION,,D,BSN
G120100001_MAN,,B1,BSN
ELAPSEDTIME,,A1,PRIMEWEB
BLACKLIST,,TBD,ADOBE
REFERRER_TYPE,,TBD,ADOBE
UNSUBSCRIBEEMAIL,,TBD,ADOBE
CORPORATE,,TBD,ADOBE
RESOLUTION,,TBD,ADOBE
RTRESPONSE,,TBD,ADOBE
COUNTRY,,TBD,ADOBE
LANGUAGES,,TBD,ADOBE
ADB_ARC,,TBD,ADOBE
SEARCH_ENGINES,,TBD,ADOBE
BROWSER,,TBD,ADOBE
CAMPAIGNRESPONSE,,TBD,ADOBE
CONNECTION_TYPE,,TBD,ADOBE
CAMPAIGN,,TBD,ADOBE
CAMPAIGNREQUEST,,TBD,ADOBE
RTREQUEST,,TBD,ADOBE
PLCHSCES,CON,A2,OCS
PLCHSCESCF,CON,A2,OCS
PLCHSCHI,CON,A2,OCS
PLCHSDBT,CON,A2,OCS
PLCHSDBTCF,CON,A2,OCS
PLCHSEST,CON,A2,OCS
PLCHSESTCF,CON,A2,OCS
PLCHSMOR,CON,A2,OCS
PLCHSPERCF,CON,A2,OCS
PLCHSPERD,CON,A2,OCS
PLCOMCTR,CON,C,OCS
PLCTFCF99,CON,C,OCS
PLINFARI02,CON,A2,OCS
PLINFRIM02,CON,A2,OCS
PLLOGMMP,CON,A2,OCS
PLOPZRIF,CON,A2,OCS
PLOPZRIS,CON,C,OCS
PLPAMMRV,CON,B2,OCS
PLPARCNT,CON,C,OCS
PLPART,CON,A2,OCS
PLPARTD,CON,A2,OCS
PLPARTST,CON,A2,OCS
PLPARTSTD,CON,A2,OCS
PLPRAT,CON,B2,OCS
PLPRATAS,CON,A1,OCS
PLPRATCA,CON,C,OCS
PLPRATCO,CON,A1,OCS
PLPRATCOST,CON,A1,OCS
PLPRATDC,CON,C,OCS
PLPRATES,CON,C,OCS
PLPRATPRSC,CON,A1,OCS
PLPRATSERV,CON,B2,OCS
PLPRATST,CON,A1,OCS
PLPSFDABB,CON,A2,OCS
PLPSFDABBD,CON,A2,OCS
PLPSFDACM,CON,A2,OCS
PLPSFDACS,CON,A2,OCS
PLPSFDADT,CON,A2,OCS
PLPSFDAEC,CON,A2,OCS
PLPSFDAEP,CON,A2,OCS
PLPSFDAST,CON,A2,OCS
PLPSFDDAT,CON,A2,OCS
PLPSFDDTA,CON,A2,OCS
PLPSFDEACT,CON,A2,OCS
PLPSFDEAP,CON,A2,OCS
PLPSFDMPG,CON,A2,OCS
PLPSFDRBD,CON,A2,OCS
PLPSFDSIN,CON,A2,OCS
PLSECPRA,CON,B1,OCS
PLSECPRAW,CON,C,OCS
PLSECPRST,CON,A2,OCS
PLSTOR,CON,A2,OCS
PLSTORAS,CON,A2,OCS
PLSTORCA,CON,A2,OCS
PLSTORDC,CON,A2,OCS
PLSTORSERV,CON,A2,OCS
PLTBFATTR,CON,C,OCS
PLTBFBENE,CON,C,OCS
PLTBFDOCR,CON,C,OCS
PLTBFSTAT,CON,C,OCS
PLTBPROD,CON,C,OCS
CCCFSEET,CRE,C,OCS
CCCFSSET,CRE,A2,OCS
CCCREEED,CRE,C,OCS
CCCREEES,CRE,C,OCS
CCCREEPR,CRE,C,OCS
CCCRESES,CRE,A2,OCS
CCCRESPR,CRE,A2,OCS
CCCRETAB,CRE,C,OCS
CCCRETCA,CRE,C,OCS
CCCRETCI,CRE,C,OCS
CCCRETFC,CRE,C,OCS
CCCRETGP,CRE,C,OCS
CCCRETME,CRE,C,OCS
CCCRETMO,CRE,C,OCS
CCCRETOC,CRE,C,OCS
CCCRETQC,CRE,C,OCS
CCCRETQL,CRE,C,OCS
CCCRETRI,CRE,C,OCS
CCCRETSA,CRE,C,OCS
CCCRETSC,CRE,C,OCS
CCCRETTA,CRE,C,OCS
CCCRETTB,CRE,C,OCS
CCCRETTE,CRE,C,OCS
CCCRETTG,CRE,C,OCS
CCCRETTS,CRE,C,OCS
CCCRETTT,CRE,C,OCS
CCCRETTU,CRE,C,OCS
CCCRETTZ,CRE,C,OCS
CCG3DEES,CRE,B1,OCS
CCG3DSES,CRE,A2,OCS
CCG3DTFA,CRE,C,OCS
WFISFAMA,WFL,A2,OCS
WFISFAT,WFL,C,OCS
WFISFATL,WFL,A2,OCS
WFISFATM,WFL,A2,OCS
WFISFATZ,WFL,A2,OCS
WFISFFA,WFL,C,OCS
WFISFOPR,WFL,A2,OCS
WFISFOPV,WFL,A2,OCS
WFISFORI,WFL,A2,OCS
WFISFOSN,WFL,A2,OCS
WFISFSF,WFL,C,OCS
WFISFTAA,WFL,A2,OCS
WFISFTFM,WFL,A2,OCS
WFISFTPC,WFL,A2,OCS
WFISFTPS,WFL,A2,OCS
WFISFTSN,WFL,A2,OCS
WFISFWES,WFL,A2,OCS
WFISFWFL,WFL,C,OCS
WFSTFCAE,WFL,A1,OCS
WFSTFLEF,WFL,A2,OCS
WFSTFLES,WFL,B1,OCS
WFSTFLSS,WFL,A2,OCS
WFSTFMLA,WFL,C,OCS
WFTBFAG,WFL,C,OCS
WFTBFAGL,WFL,C,OCS
WFTBFAGU,WFL,C,OCS
WFTBFAUW,WFL,C,OCS
WFTBFMRI,WFL,C,OCS
WFTBFRED,WFL,C,OCS
WFTBFREG,WFL,C,OCS
WFTBFSOS,WFL,C,OCS
WFTBFSOW,WFL,C,OCS
NNFRCLASS,SVC,C,OCS
SVESFCRSC,SVC,A2,OCS
CCBIRANA,TRS,C,OCS
CCBIRCAR,TRS,C,OCS
CCBIRCLA,TRS,C,OCS
CCBIRDEST,TRS,C,OCS
CCBIRESC,TRS,C,OCS
CCBIRFIG,TRS,C,OCS
CCBIRGPR,TRS,C,OCS
CCBIRLETS,TRS,C,OCS
CCBIRLETSD,TRS,C,OCS
CCBIRLGE,TRS,A2,OCS
CCBIRMIG,TRS,C,OCS
CCBIRMIG2,TRS,C,OCS
CCBIROPE,TRS,C,OCS
CCBIRPAR,TRS,C,OCS
CCBIRPAV,TRS,C,OCS
CCBIRPID,TRS,A1,OCS
CCBIRPIDD,TRS,C,OCS
CCBIRPPR,TRS,C,OCS
CCBIRPRA,TRS,C,OCS
CCBIRPRO,TRS,C,OCS
CCBIRPSC,TRS,C,OCS
CCBIRSCM,TRS,C,OCS
CCBIRTCM,TRS,C,OCS
CCBIRTCMTP,TRS,C,OCS
CCBIRTIPIN,TRS,C,OCS
CCBIRTSB,TRS,C,OCS
CCBIRTSBD,TRS,C,OCS
CCBIRTSC,TRS,C,OCS
CCBIRTSD,TRS,C,OCS
PCATFATTD,CRM,C,OCS
PCATFATTT,CRM,C,OCS
PCCAFBCO,CRM,C,OCS
PCCAFCONKO,CRM,A1,OCS
PCCOFCOML,CRM,A2,OCS
PCCOFCON,CRM,C,OCS
PCCOFCOO,CRM,C,OCS
PCCOFCOSL,CRM,A2,OCS
PCCOFCOT,CRM,A2,OCS
PCCOFCOTL,CRM,A2,OCS
PCCOFDIM,CRM,C,OCS
PCCOFMODL,CRM,A2,OCS
PCCOFSAL,CRM,A2,OCS
PCNOFTCM,CRM,A2,OCS
PCTBFATTR,CRM,C,OCS
PCTBFAZ,CRM,C,OCS
PCTBFCOR,CRM,C,OCS
PCTBFCORD,CRM,C,OCS
PCTBFESI,CRM,C,OCS
PCTBFMOT,CRM,C,OCS
PCTBFPVCD,CRM,C,OCS
PCTBFSALD,CRM,C,OCS
PCTBFSAZ,CRM,C,OCS
PCTBFSAZD,CRM,C,OCS
PCTBFSPOD,CRM,C,OCS
PCTBFSTA,CRM,C,OCS
AIECFPARCL,AIN,A2,OCS
OXCNFCES,CNF,A2,OCS
OXCNFCESX,CNF,A2,OCS
OXCNFESCP,CNF,C,OCS
OXCNFIMPC,CNF,A2,OCS
OXCNFLLET,CNF,A2,OCS
OXCNFLOGE,CNF,A2,OCS
OXCNFOTDE,CNF,A2,OCS
OXCNFPRA,CNF,A2,OCS
OXCNFPRIA,CNF,B1,OCS
OXCNFPRIAD,CNF,A2,OCS
OXCNFREP,CNF,A2,OCS
OXCNFREPP,CNF,A2,OCS
OXCNFRER,CNF,A2,OCS
OXCNFSIM,CNF,A2,OCS
OXCNFSIMD,CNF,C,OCS
OXCNFSUMR,CNF,A2,OCS
OXCNFTRAN,CNF,C,OCS
OXCNFVEI,CNF,C,OCS
BALOGESAPP,FMP,A2,OCS
BALOGESD,FMP,A2,OCS
BAPRATAC,FMP,A2,OCS
BAPRATAG,FMP,C,OCS
BAPRATCOL,FMP,A2,OCS
BAPRATCT,FMP,B1,OCS
BAPRATFPE,FMP,A2,OCS
BAPRATLS,FMP,A2,OCS
BAPRATPD,FMP,A2,OCS
BAPRATRF,FMP,A2,OCS
BAPRATRI,FMP,A2,OCS
BAPRATTP,FMP,A2,OCS
BASTORCT,FMP,A2,OCS
CCCHIESC,FMP,B1,OCS
CCCHIESCST,FMP,A1,OCS
CCEVEATT,FMP,B1,OCS
CCEVEATTST,FMP,A2,OCS
CCPSVCOL,FMP,A2,OCS
CCPSVDANA,FMP,A2,OCS
CCPSVDCNA,FMP,A2,OCS
CCPSVDCOR,FMP,A2,OCS
CCPSVDPRY,FMP,A2,OCS
CCPSVDPRYM,FMP,A2,OCS
CCPSVPSA,FMP,C,OCS
CCPSVSCO,FMP,A2,OCS
CCPSVT,FMP,A2,OCS
CCPSVTAZ,FMP,C,OCS
CCPSVTLOG,FMP,A1,OCS
CCTABICO,FMP,C,OCS
CCTRCAMP,FMP,A2,OCS
CNNOFTTT,FMP,A2,OCS
INDF,FMP,A1,OCS
MFAUFPDE,FMP,C,OCS
MFAUFPDED,FMP,C,OCS
MFAUFPDL,FMP,A2,OCS
MFFNOTE,FMP,A2,OCS
MFFTBCAQ,FMP,C,OCS
OXAEFNAL,FMP,A2,OCS
OXAEFNAP,FMP,B1,OCS
OXANF2FR,FMP,A2,OCS
OXANF2FS,FMP,A2,OCS
OXANF2LO,FMP,A2,OCS
OXANF2RI,FMP,B1,OCS
OXANF2RQ,FMP,C,OCS
OXANF2SI,FMP,A2,OCS
OXANF2SS,FMP,A2,OCS
OXANFCLP,FMP,A2,OCS
OXANFDAN,FMP,A2,OCS
OXANFDIM,FMP,A2,OCS
OXANFDIP,FMP,A2,OCS
OXANFDIR,FMP,A2,OCS
OXANFDIS,FMP,A2,OCS
OXANFTAS,FMP,C,OCS
OXANFTMI,FMP,C,OCS
OXANFTSP,FMP,C,OCS
OXANFTTA,FMP,C,OCS
OXANFTTD,FMP,C,OCS
OXANFTTO,FMP,C,OCS
OXANFUPR,FMP,A2,OCS
OXANFVAN,FMP,A2,OCS
OXCIFAIN,FMP,C,OCS
OXCIFTCA,FMP,C,OCS
OXCIFTPR,FMP,C,OCS
OXCIFTSE,FMP,C,OCS
OXCIFTTI,FMP,C,OCS
OXCOFCOCD,FMP,A2,OCS
OXCOFCOCT,FMP,A2,OCS
OXCSFCAM,FMP,B1,OCS
OXCSFLOG,FMP,A2,OCS
OXCSFTAC,FMP,C,OCS
OXCSFTCA,FMP,C,OCS
OXCSFTRE,FMP,C,OCS
OXCSFTRF,FMP,C,OCS
OXCSFTRI,FMP,C,OCS
OXCTFDAC,FMP,A2,OCS
OXCTFDAE,FMP,B1,OCS
OXCTFDAL,FMP,A2,OCS
OXCTFEVAT,FMP,C,OCS
OXCTFFBC,FMP,C,OCS
OXCTFFBD,FMP,A2,OCS
OXCTFFBL,FMP,A2,OCS
OXCTFFBP,FMP,B2,OCS
OXCTFFBT,FMP,B2,OCS
OXCTFLBOL,FMP,A2,OCS
OXCTFPAFA,FMP,A2,OCS
OXCTFPAFD,FMP,A2,OCS
OXCTFPAFF,FMP,A2,OCS
OXCTFPAFT,FMP,A2,OCS
OXCTFPASA,FMP,A2,OCS
OXCTFPASD,FMP,A2,OCS
OXCTFPASF,FMP,A2,OCS
OXCTFPAST,FMP,A2,OCS
OXCTFTASR,FMP,B2,OCS
OXDEFEDE,FMP,A2,OCS
OXDEFEDF,FMP,A2,OCS
OXDEFEES,FMP,A2,OCS
OXDEFENO,FMP,A2,OCS
OXDEFETE,FMP,A2,OCS
OXDEFETU,FMP,A2,OCS
OXDEFEUD,FMP,A2,OCS
OXDEFEWP,FMP,A2,OCS
OXDMFHOE,FMP,A2,OCS
OXDMFHOS,FMP,B1,OCS
OXDMFHOSL,FMP,A2,OCS
OXDMFHOT,FMP,B1,OCS
OXDMFHOTL,FMP,A2,OCS
OXDMFMIN,FMP,A2,OCS
OXDOFD,FMP,C,OCS
OXDOFGEUD,FMP,C,OCS
OXDOFGEUDL,FMP,A1,OCS
OXDOFGEUT,FMP,C,OCS
OXDOFGEUTL,FMP,A1,OCS
OXDOFSTD,FMP,A2,OCS
OXDOFSTT,FMP,A2,OCS
OXDOFSTTPR,FMP,A2,OCS
OXDOFT,FMP,C,OCS
OXDOFTBFP,FMP,C,OCS
OXDOFTBFPL,FMP,A2,OCS
OXDOFTBIF,FMP,C,OCS
OXDOFTBST,FMP,C,OCS
OXDOFTCV,FMP,C,OCS
OXDOFTPR,FMP,C,OCS
OXDOFTSE,FMP,C,OCS
OXIBFDFR,FMP,B1,OCS
OXIBFDFS,FMP,A2,OCS
OXIBFDRL,FMP,A2,OCS
OXIBFIPR,FMP,B1,OCS
OXIBFIPS,FMP,A2,OCS
OXIBFIRL,FMP,A2,OCS
OXIBFIVN,FMP,A2,OCS
OXIBFIVS,FMP,A2,OCS
OXIEFFRA,FMP,A2,OCS
OXIEFFRS,FMP,A2,OCS
OXIEFRAG,FMP,C,OCS
OXIEFRIC,FMP,B1,OCS
OXIEFRLO,FMP,A2,OCS
OXIEFTIE,FMP,C,OCS
OXIEFTIV,FMP,C,OCS
OXISFLCA,FMP,A2,OCS
OXISFLEA,FMP,A2,OCS
OXISFLEV,FMP,A2,OCS
OXISFLPA,FMP,A2,OCS
OXISFLPR,FMP,A2,OCS
OXISFLTP,FMP,A2,OCS
OXISFLVP,FMP,A2,OCS
OXISFRPR,FMP,A2,OCS
OXISFRPS,FMP,A2,OCS
OXISFRRI,FMP,C,OCS
OXISFRSI,FMP,A2,OCS
OXISFRSS,FMP,A2,OCS
OXISFSPR,FMP,A2,OCS
OXISFTDA,FMP,C,OCS
OXISFTMR,FMP,C,OCS
OXISFTTP,FMP,C,OCS
OXISFVRI,FMP,A2,OCS
OXNOFD,FMP,A2,OCS
OXPCFBPL,FMP,A2,OCS
OXPCFBPO,FMP,B1,OCS
OXPPFAES,FMP,C,OCS
OXPPFAMP,FMP,C,OCS
OXPPFEPL,FMP,A1,OCS
OXPPFEPR,FMP,C,OCS
OXPPFPPR,FMP,C,OCS
OXPPFTMP,FMP,C,OCS
OXPPFTSE,FMP,C,OCS
OXPPFVEL,FMP,A2,OCS
OXPSFDAPR,FMP,A2,OCS
OXPSFDMPR,FMP,A2,OCS
OXPSFDPAG,FMP,A2,OCS
OXPSFDPDR,FMP,A2,OCS
OXPSFDPDRD,FMP,A2,OCS
OXPSFOPRY,FMP,A2,OCS
OXPSFPAP,FMP,C,OCS
OXPSFRESO,FMP,A2,OCS
OXPSFRIM,FMP,C,OCS
OXPSFRIO,FMP,C,OCS
OXPSFSTCO,FMP,A2,OCS
OXQAFCRA,FMP,B1,OCS
OXQAFCRS,FMP,A2,OCS
OXQAFFRA,FMP,B1,OCS
OXQAFFRS,FMP,A2,OCS
OXQAFRIC,FMP,C,OCS
OXQAFRSP,FMP,A2,OCS
OXSCFLST,FMP,A2,OCS
OXSCFPRA,FMP,C,OCS
OXSCFPRAL,FMP,A2,OCS
OXSCFPTKL,FMP,A2,OCS
OXSFFDAN,FMP,A2,OCS
OXSFFDPY,FMP,A2,OCS
OXSFFLEC,FMP,A2,OCS
OXSPFRCN,FMP,A2,OCS
OXSSFSSIM,FMP,A1,OCS
OXSSFSSIML,FMP,A2,OCS
OXSSFSSIP,FMP,B2,OCS
OXSSFTB01,FMP,C,OCS
OXSSFTB02,FMP,C,OCS
OXINFSTIN,FMP,A2,OCS
OXSTFTASR,FMP,A2,OCS
OXTBFBLPG,FMP,C,OCS
OXTBFCPIO,FMP,C,OCS
OXTBFFBME,FMP,C,OCS
OXTBFICPE,FMP,C,OCS
OXTBFICPV,FMP,C,OCS
OXTBFLIC,FMP,A2,OCS
BNPTFTTP,BAN,C,OCS
CCBANCHE,BAN,C,OCS
CCNEWABI,BAN,C,OCS
CCNEWCAB,BAN,C,OCS
BADCIDCD,CNT,A1,OCS
BADCIDCT,CNT,A1,OCS
BATABTTP,CNT,C,OCS
BATBFCAUS,CNT,C,OCS
BATBFCDPG,CNT,C,OCS
BATBFIVAD,CNT,A1,OCS
CCAIMA,CNT,C,OCS
CCBOLVIRT,CNT,A1,OCS
CCCGOPE,CNT,C,OCS
CCCGOPED,CNT,A1,OCS
CCCPSRA,CNT,A1,OCS
CCCPTBLE,CNT,C,OCS
CCDCICAU,CNT,C,OCS
CCDCICAUE,CNT,C,OCS
CCDCIDCD,CNT,A2,OCS
CCDCIDCR,CNT,A2,OCS
CCDCIDCSDI,CNT,A2,OCS
CCDCIDCT,CNT,A2,OCS
CCDCIPRA,CNT,A2,OCS
CCDCIPRAST,CNT,A2,OCS
CCDCIVOC,CNT,C,OCS
CCPARBOL,CNT,C,OCS
CCPARBOLE,CNT,C,OCS
CCPDC,CNT,C,OCS
CCPDCDES,CNT,C,OCS
CCPDFRIFL,CNT,A1,OCS
CCPIANORIC,CNT,C,OCS
CCPIANORIS,CNT,A1,OCS
CGFTFBV,CNT,A1,OCS
CGMOFTDOC,CNT,A1,OCS
CGMOVCON,CNT,A1,OCS
CGMOVCONS,CNT,A1,OCS
CGMOVLOGC,CNT,A1,OCS
CGMOVLOGU,CNT,A2,OCS
CGSALDI,CNT,A1,OCS
CGSALDIT,CNT,A1,OCS
CGSTGIR,CNT,A1,OCS
CGTBFCOT,CNT,C,OCS
OXCTFTBTP,CNT,C,OCS
EFTAFMTRC,EFF,C,OCS
GA2LOGEF,EFF,A2,OCS
GAEFARC,EFF,A2,OCS
GAEFBAN,EFF,C,OCS
OXIAFCOMPE,IAS,A1,OCS
OXIAFCTRIC,IAS,A2,OCS
OXIAFCTRIP,IAS,A1,OCS
OXIAFEVE,IAS,C,OCS
OXIAFSTA,IAS,C,OCS
OXIAFTTIM,IAS,C,OCS
CCBONWK,PAG,A2,OCS
CCRIMCAU,PAG,C,OCS
RE2CATPRD,REC,C,OCS
RE2CATPRV,REC,A1,OCS
RE2CATRAD,REC,C,OCS
RE2CATRAP,REC,A1,OCS
RE2CLAREC,REC,C,OCS
RE2ESITI,REC,C,OCS
RE2FASOPE,REC,C,OCS
RE2INCRRET,REC,A2,OCS
RE2LOGINC,REC,A2,OCS
RE2LOTTI,REC,A1,OCS
RE2LOTTID,REC,C,OCS
RE2LOTTIP,REC,C,OCS
RE2LOTTIT,REC,C,OCS
RE2NOT,REC,A2,OCS
RE2NOTRAP,REC,C,OCS
RE2NOTRAPA,REC,A2,OCS
RE2PARAZI,REC,C,OCS
RE2PARGRFP,REC,C,OCS
RE2PARPRO,REC,C,OCS
RE2PRABA,REC,B1,OCS
RE2PRACL,REC,A1,OCS
RE2PRAES,REC,A1,OCS
RE2PRAOP,REC,A1,OCS
RE2PRASTA,REC,A1,OCS
RE2PRATPD,REC,A1,OCS
RE2PRATPV,REC,A2,OCS
RE2RECEST,REC,C,OCS
RE2TABAZES,REC,C,OCS
RE2TABAZI,REC,B1,OCS
RE2TABNOT,REC,C,OCS
RE2TABTPDO,REC,C,OCS
RE2TABTPS,REC,C,OCS
REEEFCPFX,REC,C,OCS
REEEFCPFXD,REC,C,OCS
REEEFCPFXN,REC,C,OCS
REEEFDRIT,REC,A1,OCS
REEEFINCDE,REC,A2,OCS
REEEFINCVE,REC,A2,OCS
REEEFLGESR,REC,A1,OCS
REEEFRAEFP,REC,A1,OCS
REOIFNTA,REC,C,OCS
REOIFNTAZ,REC,A1,OCS
REOIFPRIN,REC,A1,OCS
REOIFSTBA,REC,A2,OCS
REOIFSTIN,REC,A1,OCS
REOIFSTLO,REC,A1,OCS
REOIFSTNAZ,REC,A1,OCS
REPAFPV,REC,C,OCS
REPAFSIN,REC,C,OCS
RESRFLOG,REC,A1,OCS
RESRFLOGS,REC,A1,OCS
RESRFPRA,REC,A2,OCS
RESRFPRADS,REC,A2,OCS
RESRFPRAS,REC,A2,OCS
RETAFAT,REC,C,OCS
RETAFDCST,REC,C,OCS
RETAFDCSTD,REC,C,OCS
RETAFDOC,REC,C,OCS
RETAFLEG,REC,C,OCS
RETAFMPS,REC,A2,OCS
RETAFOP,REC,C,OCS
RETAFOPAZ,REC,C,OCS
RETAFOPCR,REC,C,OCS
RETAFST,REC,C,OCS
RETAFSZUF,REC,C,OCS
RETAFUSOP,REC,C,OCS
RETAFUSPV,REC,C,OCS
YQCBD,RIS,C,OCS
YQCRFEAI,RIS,A2,OCS
YQCRFEAN,RIS,A2,OCS
YQCRFEAR,RIS,C,OCS
YQCRFEAS,RIS,A2,OCS
YQCRFECA,RIS,A2,OCS
YQCRFECC,RIS,A2,OCS
YQCRFECD,RIS,A2,OCS
YQCRFECI,RIS,A2,OCS
YQCRFECM,RIS,A2,OCS
YQCRFECN,RIS,A2,OCS
YQCRFECO,RIS,A2,OCS
YQCRFECP,RIS,A2,OCS
YQCRFECT,RIS,C,OCS
YQCRFECV,RIS,A2,OCS
YQCRFEER,RIS,A2,OCS
YQCRFEGC,RIS,C,OCS
YQCRFEIE,RIS,A2,OCS
YQCRFEIN,RIS,A2,OCS
YQCRFEIV,RIS,A2,OCS
YQCRFELC,RIS,A2,OCS
YQCRFESC,RIS,A2,OCS
YQCRFESS,RIS,A2,OCS
YQCRFTBE,RIS,C,OCS
YQCRFTCS,RIS,C,OCS
YQCRFTCU,RIS,C,OCS
YQCRFTCV,RIS,C,OCS
YQCRFTDI,RIS,C,OCS
YQCRFTER,RIS,C,OCS
YQCRFTFO,RIS,C,OCS
YQCRFTFT,RIS,C,OCS
YQCRFTLS,RIS,C,OCS
YQCRFTMF,RIS,C,OCS
YQCRFTOC,RIS,C,OCS
YQCRFTPP,RIS,C,OCS
YQCRFTRF,RIS,C,OCS
YQCRFTSA,RIS,C,OCS
YQCRFTSC,RIS,C,OCS
YQCRFTSF,RIS,C,OCS
YQCRFTSO,RIS,C,OCS
YQCRFTTA,RIS,C,OCS
YQCRFTTG,RIS,C,OCS
YQCRFTTO,RIS,C,OCS
YQCRFTTP,RIS,C,OCS
YQCTCTBE,RIS,C,OCS
YQCTCTRB,RIS,C,OCS
YQCTCTRC,RIS,C,OCS
YQCTCTRG,RIS,C,OCS
YQCTPEAA,RIS,A2,OCS
YQCTPEAC,RIS,A2,OCS
YQCTPEAD,RIS,A2,OCS
YQCTPEAI,RIS,A2,OCS
YQCTPEAL,RIS,A2,OCS
YQCTPEAT,RIS,A2,OCS
YQCTPECB,RIS,A2,OCS
YQCTPECE,RIS,A2,OCS
YQCTPECG,RIS,A2,OCS
YQCTPECT,RIS,A2,OCS
YQCTPEER,RIS,A2,OCS
YQCTPEIN,RIS,A2,OCS
YQCTPERU,RIS,A2,OCS
YQCTPEST,RIS,A2,OCS
YQCTPETE,RIS,C,OCS
YQCTPTAB,RIS,C,OCS
YQCTPTBE,RIS,C,OCS
YQCTPTCA,RIS,C,OCS
YQCTPTEC,RIS,C,OCS
YQCTPTED,RIS,C,OCS
YQCTPTFC,RIS,C,OCS
YQCTPTFG,RIS,C,OCS
YQCTPTFM,RIS,C,OCS
YQCTPTGA,RIS,C,OCS
YQCTPTSA,RIS,C,OCS
YQCTPTSC,RIS,C,OCS
YQCTPTSI,RIS,C,OCS
YQCTPTST,RIS,C,OCS
YQCTPTTD,RIS,C,OCS
YQCTPTTE,RIS,C,OCS
YQCTPTTG,RIS,C,OCS
YQCTPTTL,RIS,C,OCS
YQCTPTTO,RIS,C,OCS
YQCTPTTP,RIS,C,OCS
YQCTPTTQ,RIS,C,OCS
YQCTPTTS,RIS,C,OCS
YQCTPTTT,RIS,C,OCS
YQNGRANT,RIS,A1,OCS
YQNGRBTS,RIS,C,OCS
YQNGRCTS,RIS,C,OCS
YQNGRTCL,RIS,C,OCS
YQNGRTTS,RIS,C,OCS
YQRICHC,RIS,A2,OCS
YQRICPRA,RIS,A2,OCS
YQRICSBM,RIS,A2,OCS
YQRISTSE,RIS,C,OCS
CCBIFCAB,SDS,C,OCS
CCBIFNIPAR,SDS,C,OCS
CCEXFDFGSA,SDS,C,OCS
OXDRFDET,SDS,A1,OCS
OXDRFLGDD,SDS,A1,OCS
OXDRFESPE,SDS,C,OCS
OXDRFLGDPR,SDS,A1,OCS
OXDRFSDR,SDS,A1,OCS
OXDRFLGDT,SDS,A1,OCS
OXDRFPDR,SDS,A1,OCS
OXDRFVST,SDS,A1,OCS
CCEXFDFLVS,SDS,A1,OCS
OXDRFNDOD,SDS,A1,OCS
OXDRFNDODC,SDS,A1,OCS
OXDRFQUE62,SDS,A1,OCS
OXDRFQUE61,SDS,A1,OCS
OXDRFQUE64,SDS,A1,OCS
OXDRFQUE60,SDS,A1,OCS
OXDRFQUE65,SDS,A1,OCS
OXDRFQUE06,SDS,A1,OCS
OXDRFQUE03,SDS,A1,OCS
OXDRFQUE01,SDS,A1,OCS
OXDRFPRA,SDS,A1,OCS
OXDRFPAGAN,SDS,A1,OCS
OXDRFATCCS,SDS,C,OCS
OXDRF150,SDS,A1,OCS
CCSFFSOG,SDS,A1,OCS
OXDRFEVSOS,SDS,C,OCS
OXDRFCASMF,SDS,C,OCS
CCEXFDFLUS,SDS,A1,OCS
OXDRFTBTES,SDS,C,OCS
VIESFPCLIP,SDS,C,OCS
VIESFPOBA2,SDS,C,OCS
VIESFPSAEP,SDS,C,OCS
VIFSFDCCR,VIG,A1,OCS
VIFSFDCRP,VIG,A1,OCS
VIFSFTPRFI,VIG,C,OCS
VITBFFSAE,VIG,C,OCS
VITBFFSAED,VIG,C,OCS
CCBIFESCPR,VIG,C,OCS
CCBIFFEC,VIG,C,OCS
CCBIFGUSDL,VIG,A1,OCS
CCBIFGUSTL,VIG,A1,OCS
CCBIFTAEDL,VIG,A1,OCS
CCBIFTAETL,VIG,A1,OCS
CCBITASAMD,VIG,C,OCS
CCBITASAMM,VIG,A1,OCS
CCBITASAMT,VIG,C,OCS
CCBITBCTR,VIG,C,OCS
CCBITGCAT,VIG,C,OCS
CCBITGCL,VIG,C,OCS
CCBITGCR,VIG,C,OCS
CCBITGCRES,VIG,C,OCS
CCBITGCTCL,VIG,C,OCS
CCBITGCTCR,VIG,C,OCS
CCBITGES,VIG,C,OCS
CCBITGMCAT,VIG,C,OCS
CCBITGMED,VIG,A1,OCS
CCBITGMEDT,VIG,A1,OCS
CCBITGPR,VIG,A1,OCS
CCBITGPRE,VIG,A1,OCS
CCBITGSC,VIG,A1,OCS
CCBITGSCE,VIG,A1,OCS
CCBITGUSD,VIG,B1,OCS
CCBITGUST,VIG,B1,OCS
CCBITINDD,VIG,C,OCS
CCBITTAED,VIG,B1,OCS
CCBITTAET,VIG,B1,OCS
CCBITULOG,VIG,A1,OCS
CCBITULOGE,VIG,A1,OCS
CCBITULOGG,VIG,A1,OCS
VIESFCANDI,VIG,C,OCS
VIESFCESCR,VIG,C,OCS
VIESFDESFI,VIG,C,OCS
VIESFTBPSV,VIG,C,OCS
VIESFTPFIN,VIG,C,OCS
CCBIVIMEC,VIG,A1,OCS
VIESFCRCO,VIG,A1,OCS
VIESFCRCOA,VIG,C,OCS
BAUSERARC,SRV,B1,OCS
BAUSERPRO,SRV,B1,OCS
BAUTEFIL,SRV,C,OCS
BAUTELUP,SRV,A1,OCS
BAUTELUT,SRV,A1,OCS
OACMFUTC,SRV,C,OCS
OACMFUTCA,SRV,C,OCS
OACMFUTI,SRV,C,OCS
OTSIFTUA,SRV,C,OCS
SYAUTDESC,SRV,C,OCS
SYAUTLME,SRV,A1,OCS
SYAUTLUT,SRV,A1,OCS
SYAUTMENU,SRV,B1,OCS
SYAUTUTE,SRV,B1,OCS
MFFTBTCA,MSF,C,OCS
OXPRFTAFB,CON,C,OCS
PLCTFLOGAU,CON,A2,OCS
OXTBFDOC,FMP,C,OCS
OXIZFDAT,FMP,C,OCS
OXDMFPAR,FMP,C,OCS
OXDOFTSEA,FMP,C,OCS
OXDOFTSEAQ,FMP,C,OCS
OXDOFTSEDO,FMP,C,OCS
CADOFTDO,FMP,C,OCS
OXDRFEXT,SDS,A1,OCS
CAATFEXRL,CAR,A2,OCS
WFTBFFA,WFL,C,OCS
BACCPDET,INC,A1,OCS
BACCPTES,INC,A1,OCS
CCBONILOG,INC,A1,OCS
CCBONISET,INC,A1,OCS
CCBONITCA,INC,C,OCS
CCCASTE,INC,A2,OCS
CCCASTEAIN,INC,A2,OCS
CCCASTEIMP,INC,C,OCS
CCCASTEL,INC,A1,OCS
CCINSTEL,INC,A2,OCS
CCSPEINC,INC,A1,OCS
CCSPEITD,INC,C,OCS
CCTABCAU,INC,C,OCS
ICDDFDAI,INC,C,OCS
ICDDFLRI,INC,A1,OCS
ICMAFLET,INC,A1,OCS
ICMAFLSB,INC,A2,OCS
ICMAFLST,INC,A2,OCS
ICMAFMAN,INC,A2,OCS
ICMAFMSS,INC,A2,OCS
ICMAFTCS,INC,C,OCS
OXINFBPDFL,INC,C,OCS
OXINFBPND,INC,A2,OCS
OXINFBPNWL,INC,C,OCS
OXINFSCD,INC,A2,OCS
OXINFSCT,INC,A2,OCS
PLPRAX,CON,C,OCS
OXCNFEVEN,CNF,A1,OCS
BNPTFCUC,BAN,C,OCS
OXDRFQUA01,SDS,A1,OCS
OXDRFQUA02,SDS,A1,OCS
OXDRFQUA04,SDS,A1,OCS
OXTRFCCK,FMP,C,OCS
OXTRFICP,FMP,C,OCS
OXTRFLCT,FMP,A2,OCS
OXTRFPST,FMP,C,OCS
OXTRFPTR,FMP,C,OCS
OXTRFTRU,FMP,A2,OCS
OXTRFTST,FMP,C,OCS
OXTRFTTR,FMP,C,OCS
ICDEFLOG,INC,A2,OCS
SGMPFPCB,FMP,A2,OCS
SGMPFPFD,FMP,A2,OCS
SGMPFPRO,FMP,A2,OCS
SGMPFPTR,FMP,A2,OCS
SGMPFPTRS,FMP,A2,OCS
YQCTPERP,RIS,C,OCS
MRCPFLIN,RIS,A2,OCS
MRCPFLCN,RIS,A2,OCS
MRCPFLG1,RIS,A2,OCS
MRCPFLGE,RIS,A2,OCS
MRCPFLGG,RIS,A2,OCS
CAACFSI01,RIS,C,OCS
CAACFSI02,RIS,C,OCS
CAACFSI07,RIS,C,OCS
CAACFSI10,RIS,C,OCS
OXCTFCF17,RIS,C,OCS
PLCTFCF01,RIS,C,OCS
PLCTFCF02,RIS,C,OCS
PLCTFCF04,RIS,C,OCS
PLCTFCF28,RIS,C,OCS
BAPRATFP,FMP,C,OCS
CCTABPVE,FMP,C,OCS
OXIBFDRI,FMP,C,OCS
OXIBFIRA,FMP,C,OCS
OXIBFIRI,FMP,C,OCS
OXSCFPTK,FMP,C,OCS
BAUSERCOL,SRV,C,OCS
PLTFINATT,CON,C,OCS
PLCTFPMX,CON,C,OCS
PLCTFAGEF,CON,C,OCS
OXIAFCT,IAS,A2,OCS
CCANATDI,ANA,C,OCS
CRTABFIN,CAR,C,OCS
PLPSFDAIF,CON,A2,OCS
OXCSFHPR,FMP,C,OCS
OXCSFHRI,FMP,C,OCS
OXCSFHTC,FMP,C,OCS
OXCSFHTP,FMP,C,OCS
OTSQFDOV,SRV,C,OCS
MRTRFLRA,RIS,C,OCS
OXTBFPAC,SER,C,OCS
CAECFSER,CAR,A1,OCS
ICMAFMES,INC,A2,OCS
MRTRFLDA,RIS,C,OCS
MRTRFLBE,RIS,C,OCS
MRTRFLIA,RIS,C,OCS
PLCHISTOR,CON,A2,OCS
PLSECPRA_M,CHM,D,OCS
PLPRATCA_M,CHM,D,OCS
QSPRA_M,CHM,D,OCS
CRCAR_M,CHM,D,OCS
OXCTFFBT_M,CH1,D,OCS
PLCTFPMX_M,CHM,D,OCS
PLPRATSERV_M,CHM,D,OCS
OXINFREPD,FMP,A2,OCS
CCFOANA,ANA,B2,OCS
OXIDFLOG,CNT,A2,OCS
OXPSFSOSM,FMP,A2,OCS
OXINFREPT,FMP,A2,OCS
OXDOFTSI,FMP,C,OCS
IFKCFRSI,ITF,C,OCS
MGDRFCRANA,MIG,TBD,OCS
MGDRFCRPRA,MIG,TBD,OCS
TBLESITI7DAYSCALLCENTER,,C,FEA
TBLQUESTIONARIPRODOTTI,,C,FEA
TBLPIANITARIFFE,,C,FEA
TBLGROUPDISTINTETRANSAZIONI,,C,FEA
TBLSCRITTURECONTABILI,,C,FEA
TBLDISTINTETRANSAZIONI,,C,FEA
STANDALONE_TBLSTATOPOST,,C,FEA
NCP_TBLTRACKINGLEAD,,C,FEA
TBLANAGRAFICA,,C,FEA
NCP_TBLTIPILEAD,,C,FEA
TBLPREVBENEGAR,,C,FEA
TBLPRODOTTI,,C,FEA
TBLQUESTIONARIO,,C,FEA
TBLQUESTIONARIOPZIONI,,C,FEA
TBLTRANSAZIONIPROVVIGIONIATTIVE,,C,FEA
NCP_TBLSTATILEAD,,C,FEA
TBLSTATIQUESTIONARIOCONTRAENTE,,C,FEA
TBLTIPIFATTORI,,C,FEA
TBLUSERS,,C,FEA
TBLTITOLI,,C,FEA
TBLSTATOTRANSAZIONE,,C,FEA
TBLQUESTIONARICONTRAENTIDETTAGLIO,,C,FEA
TBLFATTORI,,C,FEA
CRIFRA_NP041RT,,A2,CRIF
CRIFRC_NP042RT,,A2,CRIF
LOGERCTC_PR339M,,A2,CTC
